feature,importance
categorical__IDX_406393.0,0.20929436
numeric__history_mean_4lags,0.067922525
categorical__Brand_HEBE,0.019261494
categorical__IDX_406427.0,0.016195495
categorical__DIV2_84301.0,0.014064759
numeric__lag_1,0.013736273
categorical__DIV2_81109.0,0.011899173
categorical__IDX_420875.0,0.010984363
categorical__Brand_KRYSTALICZNE ŹRÓDŁO,0.01080765
categorical__Brand_MISSHA,0.009273928
categorical__IDX_387034.0,0.009064884
categorical__DIV2_83102.0,0.008969106
categorical__DIV2_81106.0,0.008679699
categorical__IDX_434361.0,0.0083991205
numeric__dow,0.008308626
numeric__lag_7,0.00791095
categorical__Brand_HEBE BASICS,0.0077038826
categorical__DIV2___MISSING__,0.007203652
categorical__Brand_ELMEX,0.0070950193
categorical__Brand_REVOX,0.0069875075
categorical__DIV2_81102.0,0.0069470676
numeric__lag_28,0.0067572678
categorical__IDX_253620.0,0.0066755814
numeric__lag_14,0.006131058
categorical__IDX_359446.0,0.0060782204
categorical__IDX_371311.0,0.005750313
categorical__IDX_268126.0,0.0057291817
numeric__week_of_year,0.005707303
categorical__IDX_386855.0,0.0056709824
categorical__IDX_434362.0,0.0056358497
categorical__Brand_BEWA,0.0053075063
categorical__IDX_267351.0,0.005294483
categorical__DIV2_83302.0,0.005274498
categorical__StoreNo_R433,0.005176038
categorical__Brand_LIPTON,0.00513503
categorical__IDX_248187.0,0.0051285084
categorical__StoreNo_R195,0.0050395746
categorical__DIV2_81108.0,0.0050243265
categorical__IDX_301819.0,0.0049917055
numeric__day_of_month,0.004980296
categorical__IDX_268131.0,0.004905862
categorical__Brand_ANWEN,0.004881911
categorical__IDX_390581.0,0.0048567927
categorical__Brand_HOLIKA HOLIKA,0.0047582192
categorical__IDX_390681.0,0.004756599
categorical__Brand_BY HEBE,0.0046305466
numeric__promo,0.0046217158
categorical__IDX_235939.0,0.004496501
numeric__month,0.004440158
categorical__IDX_301820.0,0.0041985484
categorical__IDX_218579.0,0.004046388
categorical__Brand___MISSING__,0.0038586452
categorical__DIV2_82105.0,0.0038558848
categorical__IDX_390555.0,0.003739838
categorical__Brand_CLEANIC,0.0036919257
categorical__IDX_413041.0,0.0036918798
categorical__Brand_EVELINE,0.0036100792
categorical__IDX_407817.0,0.0035891074
categorical__Brand_PERFECTA,0.0035711294
categorical__Brand_MAYBELLINE,0.0034871472
categorical__IDX_410264.0,0.0034792686
categorical__Brand_ZIAJA,0.0033469659
categorical__Brand_SCHWARZKOPF,0.0032713553
categorical__IDX_380721.0,0.003186168
categorical__IDX_368446.0,0.003112136
categorical__Brand_PUORELLA,0.0030568927
categorical__Brand_LISTERINE,0.0030513129
categorical__DIV2_82101.0,0.002991001
categorical__Brand_CHI,0.0029460366
categorical__Brand_CREMOBAZA,0.0029128324
categorical__DIV2_81301.0,0.0028567305
categorical__DIV2_81110.0,0.0028348265
categorical__IDX_256910.0,0.0028077725
categorical__IDX_359741.0,0.0026923434
categorical__IDX_232074.0,0.0026607919
categorical__IDX_425536.0,0.0026098199
categorical__IDX_425530.0,0.0025898428
categorical__IDX_351722.0,0.0025880598
categorical__IDX_215321.0,0.0025745456
categorical__IDX_381188.0,0.0025569529
categorical__IDX_302141.0,0.0025452918
categorical__Brand_MEDIHEAL,0.0025301806
categorical__IDX_250021.0,0.002526554
categorical__IDX_356902.0,0.0024842673
categorical__Brand_VELVET,0.0024742254
categorical__Brand_HERBARIA BANFI,0.0024689706
categorical__Brand_BANDI,0.0024504222
categorical__IDX_410300.0,0.0024407676
categorical__DIV2_81103.0,0.002421497
categorical__DIV2_81105.0,0.0023721303
categorical__IDX_298785.0,0.0023452553
categorical__IDX_356599.0,0.0023025756
categorical__DIV2_82202.0,0.0022819184
categorical__Brand_FEMINA,0.0022518293
categorical__Brand_PUREDERM,0.0022429728
categorical__IDX_382319.0,0.0022362203
categorical__Brand_HEBE PROFESSIONAL,0.0022097076
categorical__IDX_215263.0,0.002194414
categorical__IDX_253834.0,0.0021937934
categorical__Brand_L'OREAL PARIS,0.0021901438
categorical__Brand_TYMBARK,0.0021802322
categorical__DIV2_81104.0,0.0021251447
categorical__Brand_NACOMI,0.0021091409
categorical__IDX_246209.0,0.0020910776
categorical__Brand_PAESE,0.0020760081
categorical__Brand_OLD SPICE,0.0019935824
categorical__IDX_390553.0,0.001993106
categorical__IDX_246211.0,0.0019721675
categorical__IDX_232715.0,0.001938681
categorical__IDX_218474.0,0.0019364998
categorical__Brand_MBEAUTY,0.0019236868
categorical__IDX_390551.0,0.0019223815
categorical__IDX_269501.0,0.0019203553
categorical__IDX_301818.0,0.0019117716
categorical__IDX_379349.0,0.0019022281
categorical__Brand_LACALUT,0.001891503
categorical__IDX_368696.0,0.001890882
categorical__IDX_274774.0,0.0018856799
categorical__Brand_MIXA,0.0018818302
categorical__IDX_401460.0,0.0018770136
categorical__IDX_214460.0,0.0018363581
categorical__Brand_ALWAYS,0.0018314465
categorical__IDX_364652.0,0.001825522
categorical__IDX_218580.0,0.001820808
categorical__IDX_280108.0,0.0018078922
categorical__IDX_247674.0,0.0018006437
categorical__Brand_CLARESA MAKE UP,0.0017853465
categorical__IDX_356598.0,0.001783877
categorical__IDX_386263.0,0.0017817607
categorical__Brand_SOQU,0.0017729902
categorical__IDX_390552.0,0.0017693075
categorical__IDX_425539.0,0.0017646335
categorical__IDX_360358.0,0.0017336144
categorical__IDX_214461.0,0.0016927185
categorical__IDX_356597.0,0.0016905781
categorical__IDX_356896.0,0.0016904944
categorical__DIV2_81201.0,0.0016866863
categorical__IDX_253395.0,0.0016848063
categorical__IDX_214459.0,0.0016574404
categorical__Brand_SESSIO,0.0016445598
categorical__IDX_302143.0,0.0016393472
categorical__IDX_425538.0,0.0016374604
categorical__IDX_381746.0,0.0016276421
categorical__IDX_390554.0,0.0016191615
categorical__Brand_BARWA,0.0016159966
categorical__Brand_PANTENE,0.0016111893
categorical__IDX_368184.0,0.001600856
categorical__DIV2_83103.0,0.0015979026
categorical__IDX_217838.0,0.0015877363
categorical__IDX_424295.0,0.001570914
categorical__IDX_213734.0,0.0015483423
categorical__IDX_375892.0,0.0015437093
categorical__IDX_370705.0,0.0015412822
categorical__Brand_CETAPHIL,0.0015370683
categorical__Brand_GARNIER,0.00149037
categorical__IDX_381725.0,0.0014880857
categorical__IDX_233141.0,0.0014843708
categorical__IDX_235066.0,0.0014624784
categorical__IDX_413040.0,0.0014571858
categorical__IDX_381750.0,0.0014514413
categorical__IDX_301825.0,0.0014499169
categorical__IDX_306440.0,0.0014472425
categorical__IDX_281134.0,0.0014437329
categorical__Brand_SYOSS,0.0014431644
categorical__IDX_425535.0,0.0014320106
categorical__IDX_380631.0,0.0014224972
categorical__Brand_WORLD CART,0.0014211406
categorical__IDX_359740.0,0.0014152416
categorical__IDX_436219.0,0.0014147148
categorical__IDX_359742.0,0.0014120172
categorical__IDX_301213.0,0.0014062517
categorical__IDX_282593.0,0.0014007172
categorical__Brand_FRITT,0.0013742526
categorical__Brand_DISCREET,0.00136821
categorical__IDX_381495.0,0.0013589922
categorical__IDX_277185.0,0.0013562847
categorical__Brand_CATRICE,0.0013562378
categorical__Brand_CURAPROX,0.0013486778
categorical__Brand_LONG 4 LASHES,0.0013444367
categorical__IDX_250020.0,0.0013335212
categorical__IDX_370660.0,0.0013330227
categorical__Brand_WILKINSON,0.001327649
categorical__IDX_232456.0,0.00132042
categorical__IDX_355799.0,0.0013195958
categorical__IDX_386854.0,0.0013186024
categorical__IDX_376126.0,0.0013164904
categorical__IDX_386256.0,0.0013107557
categorical__IDX_215283.0,0.0013033623
categorical__IDX_214462.0,0.0012861381
categorical__IDX_411820.0,0.0012860649
categorical__IDX_263620.0,0.0012821972
categorical__DIV2_82206.0,0.0012705022
categorical__IDX_355798.0,0.0012691362
categorical__IDX_264552.0,0.0012645464
categorical__IDX_356680.0,0.0012358719
categorical__Brand_GILLETTE,0.0012171731
categorical__IDX_307856.0,0.0012077102
categorical__IDX_386156.0,0.0012005403
categorical__IDX_230507.0,0.0011772241
categorical__IDX_354444.0,0.0011707328
categorical__Brand_BIELENDA,0.0011631277
categorical__IDX_381724.0,0.0011625425
categorical__IDX_281133.0,0.001148763
categorical__IDX_305920.0,0.001145932
categorical__IDX_226732.0,0.0011436811
categorical__IDX_374199.0,0.0011296433
categorical__IDX_229585.0,0.0011193454
categorical__IDX_274773.0,0.0010973185
categorical__IDX_218152.0,0.0010834765
categorical__IDX_262124.0,0.001075945
categorical__IDX_295232.0,0.0010663384
categorical__IDX_267991.0,0.0010619698
categorical__IDX_420493.0,0.0010537328
categorical__IDX_370659.0,0.0010469309
categorical__IDX_363800.0,0.0010451464
categorical__IDX_362836.0,0.0010377282
categorical__IDX_288951.0,0.0010299812
categorical__IDX_217935.0,0.0010275239
categorical__IDX_277241.0,0.0010016577
categorical__IDX_235060.0,0.0009996386
categorical__Brand_DERMEDIC,0.0009921661
categorical__DIV2_82203.0,0.0009919736
categorical__DIV2_81202.0,0.0009914453
categorical__Brand_HEAN,0.0009909333
categorical__IDX_312610.0,0.0009816111
categorical__Brand_O.B.,0.00097428047
categorical__IDX_213714.0,0.0009671288
categorical__IDX_378802.0,0.0009660012
categorical__IDX_279558.0,0.00095316395
categorical__IDX_213703.0,0.00091998075
categorical__IDX_424719.0,0.00091390806
categorical__IDX_406850.0,0.00090467994
categorical__IDX_274049.0,0.00089969626
categorical__IDX_218743.0,0.0008797923
categorical__IDX_256965.0,0.00086876994
categorical__IDX_298246.0,0.0008651856
categorical__DIV2_82106.0,0.00085821655
categorical__Brand_JORDAN,0.0008497463
categorical__IDX_424294.0,0.0008421362
categorical__IDX_364101.0,0.0008389642
categorical__IDX_217962.0,0.00082829106
categorical__IDX_415038.0,0.0008029539
categorical__IDX_369455.0,0.0008026504
categorical__IDX_425540.0,0.0008023376
categorical__IDX_407012.0,0.00080105633
categorical__Brand_ORAL-B,0.0007952067
categorical__IDX_213747.0,0.00078636035
categorical__Brand_BELLA,0.00078613375
categorical__IDX_380137.0,0.00076543906
categorical__IDX_232470.0,0.0007616877
categorical__IDX_261138.0,0.0007558502
categorical__IDX_359738.0,0.0007505111
categorical__IDX_412998.0,0.00075002515
categorical__IDX_270761.0,0.0007479813
categorical__Brand_VASELINE,0.0007399277
categorical__IDX_370323.0,0.0007225585
categorical__IDX_298198.0,0.0007042883
categorical__IDX_356368.0,0.00069655094
categorical__IDX_361136.0,0.00068701844
categorical__IDX_305921.0,0.0006697266
categorical__IDX_361295.0,0.0006611173
categorical__IDX_293569.0,0.00066005473
categorical__IDX_375891.0,0.00063365785
categorical__IDX_371911.0,0.00063181267
categorical__Brand_TOŁPA,0.0006288784
categorical__IDX_424721.0,0.00061778346
categorical__IDX_383402.0,0.00061216386
categorical__IDX_298248.0,0.0006099841
categorical__IDX_377020.0,0.00060774386
categorical__IDX_413353.0,0.00057480665
categorical__IDX_361137.0,0.00057393423
categorical__IDX_282298.0,0.0005566654
categorical__IDX_293592.0,0.0005559178
categorical__IDX_381747.0,0.0005533286
categorical__IDX_425586.0,0.00054000225
categorical__IDX_265931.0,0.0005368677
categorical__IDX_217503.0,0.0004949406
categorical__IDX_217947.0,0.0004615851
categorical__IDX_404439.0,0.0004591629
categorical__DIV2_82102.0,0.00044644895
categorical__IDX_267740.0,0.0004386604
categorical__IDX_228323.0,0.00043822054
categorical__IDX_243626.0,0.00038609243
categorical__IDX_298247.0,0.00037417826
categorical__Brand_LE PETIT MARSEILLAIS,0.00036194662
categorical__IDX_274167.0,0.00036059666
categorical__DIV2_82201.0,0.00035932034
categorical__IDX_278293.0,0.00034526907
categorical__Brand_BIOELIXIRE,0.00033797813
categorical__IDX_377035.0,0.00033310667
categorical__Brand_BATISTE,0.00030764524
categorical__IDX_323135.0,0.00030480206
categorical__IDX_270200.0,0.00030255932
categorical__IDX_377163.0,0.00028833508
categorical__Brand_COLGATE,0.00028641862
categorical__IDX_291459.0,0.00025214802
categorical__IDX_414013.0,0.0002501135
categorical__Brand_OSHEE,0.00024918548
categorical__IDX_293112.0,0.00024696082
categorical__IDX_323134.0,0.00024042088
categorical__IDX_215328.0,0.00023982537
categorical__IDX_306197.0,0.00022178114
categorical__IDX_217497.0,0.00020365974
categorical__IDX_357828.0,0.00019538582
categorical__IDX_381751.0,0.00017850279
categorical__IDX_254660.0,0.00017362638
categorical__Brand_DOVE,0.00016415447
categorical__IDX_380223.0,0.0001617603
categorical__IDX_242152.0,0.00015334597
categorical__Brand_NIVEA,0.00014990063
categorical__Brand_RESIBO,0.00014426289
categorical__Brand_LADY SPEED STICK,0.00013139336
categorical__IDX_324391.0,0.00011607277
categorical__IDX_228322.0,0.00010703396
categorical__IDX_414014.0,8.5510255e-05
categorical__IDX_414000.0,7.416633e-05
categorical__Brand_AIRWAVES,5.929411e-05
categorical__IDX_290702.0,5.9249534e-05
categorical__IDX_413999.0,4.8363687e-05
categorical__DIV2_81107.0,3.1088435e-05
categorical__Brand_NATURELLA,1.56182e-05
categorical__IDX_411823.0,1.132698e-05
categorical__Brand_BASICLAB,3.9811357e-06
categorical__IDX_238929.0,3.0126937e-06
categorical__IDX_412239.0,1.0202561e-06
categorical__IDX_248956.0,6.936543e-08
categorical__IDX_259448.0,0.0
categorical__IDX_248905.0,0.0
categorical__IDX_250532.0,0.0
categorical__IDX_294312.0,0.0
categorical__IDX_283627.0,0.0
categorical__IDX_280419.0,0.0
categorical__IDX_269497.0,0.0
categorical__IDX_261615.0,0.0
categorical__IDX_241150.0,0.0
categorical__Brand_KALLOS,0.0
categorical__IDX_243624.0,0.0
categorical__IDX_243838.0,0.0
categorical__IDX_256036.0,0.0
categorical__IDX_250019.0,0.0
categorical__IDX_253332.0,0.0
categorical__IDX_412973.0,0.0
categorical__IDX_428152.0,0.0
categorical__Brand_BIC,0.0
categorical__Brand_TARCZYN,0.0
categorical__IDX_237487.0,0.0
categorical__IDX_235669.0,0.0
categorical__IDX_232471.0,0.0
categorical__IDX_240358.0,0.0
categorical__IDX_241831.0,0.0
categorical__IDX_230392.0,0.0
categorical__IDX_224139.0,0.0
categorical__Brand_ORBIT,0.0
categorical__IDX_217964.0,0.0
categorical__IDX_217492.0,0.0
categorical__IDX_217527.0,0.0
categorical__IDX_217939.0,0.0
categorical__IDX_357851.0,0.0
categorical__IDX_357574.0,0.0
categorical__IDX_363873.0,0.0
categorical__IDX_304624.0,0.0
categorical__IDX_305485.0,0.0
categorical__IDX_304626.0,0.0
categorical__IDX_305297.0,0.0
categorical__IDX_305484.0,0.0
categorical__IDX_308881.0,0.0
categorical__IDX_307488.0,0.0
categorical__IDX_306627.0,0.0
categorical__IDX_310270.0,0.0
categorical__IDX_301209.0,0.0
categorical__IDX_381697.0,0.0
categorical__IDX_215088.0,0.0
categorical__IDX_214475.0,0.0
categorical__IDX_214472.0,0.0
categorical__IDX_379140.0,0.0
categorical__Brand_EWA SCHMITT,0.0
categorical__IDX_377288.0,0.0
categorical__IDX_373537.0,0.0
categorical__IDX_214479.0,0.0
categorical__IDX_381748.0,0.0
categorical__Brand_TISANE,0.0
categorical__IDX_401480.0,0.0
categorical__IDX_389582.0,0.0
categorical__IDX_389581.0,0.0
categorical__IDX_414634.0,0.0
