StoreNo,IDX,days,mean_daily_sales,median_daily_sales,positive_sales_days,zero_sales_days,positive_day_share,zero_day_share,rotation_group
R195,213703.0,568,1.7183098591549295,1.0,372,196,0.6549295774647887,0.34507042253521125,high
R195,213714.0,540,0.9722222222222222,1.0,293,247,0.5425925925925926,0.45740740740740743,low
R195,213734.0,539,1.9907235621521335,1.0,379,160,0.7031539888682746,0.29684601113172543,high
R195,213747.0,536,1.2649253731343284,1.0,306,230,0.5708955223880597,0.4291044776119403,medium
R195,214459.0,568,2.0598591549295775,1.0,381,187,0.670774647887324,0.32922535211267606,high
R195,214460.0,566,1.2720848056537102,1.0,320,246,0.5653710247349824,0.43462897526501765,medium
R195,214461.0,568,1.153169014084507,1.0,330,238,0.5809859154929577,0.41901408450704225,low
R195,214462.0,566,1.5600706713780919,1.0,337,229,0.5954063604240283,0.4045936395759717,medium
R195,214472.0,547,1.1078610603290677,1.0,319,228,0.583180987202925,0.41681901279707495,low
R195,214475.0,545,0.8899082568807339,1.0,277,268,0.5082568807339449,0.4917431192660551,low
R195,214479.0,554,0.7689530685920578,1.0,282,272,0.5090252707581228,0.49097472924187724,low
R195,215088.0,568,1.102112676056338,0.0,266,302,0.46830985915492956,0.5316901408450704,low
R195,215263.0,523,1.2179732313575526,1.0,284,239,0.5430210325047801,0.4569789674952199,medium
R195,215283.0,566,1.7385159010600706,1.0,372,194,0.657243816254417,0.34275618374558303,high
R195,215321.0,567,1.9347442680776015,1.0,400,167,0.7054673721340388,0.2945326278659612,high
R195,215328.0,538,0.9646840148698885,0.0,266,272,0.4944237918215613,0.5055762081784386,low
R195,217492.0,559,1.1717352415026834,0.0,270,289,0.48300536672629696,0.516994633273703,medium
R195,217497.0,562,1.0729537366548043,1.0,304,258,0.5409252669039146,0.45907473309608543,low
R195,217503.0,568,1.0316901408450705,1.0,286,282,0.5035211267605634,0.4964788732394366,low
R195,217527.0,558,0.8745519713261649,1.0,285,273,0.510752688172043,0.489247311827957,low
R195,217838.0,562,0.8807829181494662,1.0,293,269,0.5213523131672598,0.4786476868327402,low
R195,217935.0,511,1.557729941291585,1.0,338,173,0.6614481409001957,0.3385518590998043,medium
R195,217939.0,515,1.4,1.0,316,199,0.6135922330097088,0.3864077669902913,medium
R195,217947.0,560,0.9053571428571429,1.0,298,262,0.5321428571428571,0.46785714285714286,low
R195,217962.0,566,1.4187279151943464,1.0,353,213,0.6236749116607774,0.3763250883392226,medium
R195,217964.0,543,0.8655616942909761,0.0,265,278,0.4880294659300184,0.5119705340699816,low
R195,218152.0,550,0.8963636363636364,0.5,275,275,0.5,0.5,low
R195,218474.0,525,2.64,2.0,363,162,0.6914285714285714,0.30857142857142855,high
R195,218579.0,568,2.1549295774647885,1.0,379,189,0.6672535211267606,0.33274647887323944,high
R195,218743.0,505,1.192079207920792,1.0,283,222,0.5603960396039604,0.4396039603960396,medium
R195,224139.0,538,1.1672862453531598,1.0,296,242,0.550185873605948,0.44981412639405205,low
R195,228322.0,511,0.87279843444227,0.0,230,281,0.4500978473581213,0.5499021526418787,low
R195,228323.0,500,1.01,1.0,251,249,0.502,0.498,low
R195,230392.0,528,0.7727272727272727,0.0,245,283,0.4640151515151515,0.5359848484848485,low
R195,230507.0,533,1.273921200750469,1.0,297,236,0.5572232645403377,0.4427767354596623,medium
R195,232456.0,541,1.7134935304990757,1.0,318,223,0.5878003696857671,0.4121996303142329,high
R195,232470.0,493,1.3367139959432048,1.0,261,232,0.5294117647058824,0.47058823529411764,medium
R195,232471.0,546,1.1556776556776556,0.0,270,276,0.4945054945054945,0.5054945054945055,low
R195,233141.0,530,1.7773584905660378,1.0,318,212,0.6,0.4,high
R195,235060.0,549,0.9672131147540983,1.0,286,263,0.5209471766848816,0.4790528233151184,low
R195,235066.0,507,1.495069033530572,1.0,323,184,0.6370808678500987,0.3629191321499014,medium
R195,235669.0,558,1.6881720430107527,1.0,347,211,0.6218637992831542,0.3781362007168459,high
R195,235939.0,554,2.990974729241877,2.0,410,144,0.740072202166065,0.259927797833935,high
R195,237487.0,543,1.0128913443830572,1.0,302,241,0.5561694290976059,0.4438305709023941,low
R195,240358.0,564,1.2216312056737588,0.0,279,285,0.4946808510638298,0.5053191489361702,medium
R195,241150.0,534,1.0262172284644195,1.0,278,256,0.5205992509363296,0.4794007490636704,low
R195,241831.0,515,1.7300970873786408,1.0,352,163,0.683495145631068,0.31650485436893205,high
R195,242152.0,527,1.4819734345351043,1.0,292,235,0.5540796963946869,0.4459203036053131,medium
R195,243624.0,548,0.8576642335766423,0.0,253,295,0.46167883211678834,0.5383211678832117,low
R195,243626.0,554,0.9043321299638989,0.0,267,287,0.48194945848375453,0.5180505415162455,low
R195,243838.0,564,1.2092198581560283,1.0,307,257,0.5443262411347518,0.45567375886524825,medium
R195,246209.0,543,1.4511970534069982,1.0,324,219,0.5966850828729282,0.40331491712707185,medium
R195,246211.0,549,1.6939890710382515,1.0,348,201,0.6338797814207651,0.366120218579235,high
R195,247674.0,568,0.9982394366197183,1.0,295,273,0.5193661971830986,0.48063380281690143,low
R195,248187.0,524,5.940839694656488,6.0,387,137,0.7385496183206107,0.26145038167938933,high
R195,250019.0,463,1.3650107991360692,1.0,298,165,0.6436285097192225,0.3563714902807775,medium
R195,250020.0,482,1.3029045643153527,1.0,283,199,0.5871369294605809,0.41286307053941906,medium
R195,250021.0,543,1.570902394106814,1.0,342,201,0.6298342541436464,0.3701657458563536,medium
R195,250532.0,529,1.170132325141777,1.0,312,217,0.5897920604914934,0.4102079395085066,medium
R195,253395.0,547,1.4972577696526508,1.0,367,180,0.6709323583180987,0.3290676416819013,medium
R195,253620.0,554,2.8465703971119134,1.0,377,177,0.6805054151624549,0.3194945848375451,high
R195,253834.0,542,2.376383763837638,2.0,371,171,0.6845018450184502,0.3154981549815498,high
R195,254660.0,552,0.8333333333333334,0.0,260,292,0.47101449275362317,0.5289855072463768,low
R195,256036.0,491,1.0468431771894093,1.0,272,219,0.5539714867617108,0.4460285132382892,low
R195,256910.0,508,1.952755905511811,1.0,309,199,0.6082677165354331,0.39173228346456695,high
R195,256965.0,547,1.2010968921389398,1.0,319,228,0.583180987202925,0.41681901279707495,medium
R195,259448.0,509,0.9685658153241651,0.0,250,259,0.4911591355599214,0.5088408644400786,low
R195,261615.0,462,1.1904761904761905,1.0,277,185,0.5995670995670995,0.4004329004329004,medium
R195,262124.0,523,0.9158699808795411,0.0,240,283,0.4588910133843212,0.5411089866156787,low
R195,263620.0,494,1.8724696356275303,1.0,333,161,0.6740890688259109,0.3259109311740891,high
R195,264552.0,562,0.9270462633451957,0.0,280,282,0.498220640569395,0.501779359430605,low
R195,265931.0,554,1.0379061371841156,0.0,267,287,0.48194945848375453,0.5180505415162455,low
R195,267351.0,493,1.669371196754564,1.0,262,231,0.5314401622718052,0.4685598377281947,high
R195,267991.0,536,1.007462686567164,1.0,286,250,0.5335820895522388,0.4664179104477612,low
R195,268126.0,564,3.725177304964539,3.0,341,223,0.6046099290780141,0.3953900709219858,high
R195,268131.0,477,3.3144654088050314,3.0,365,112,0.7651991614255765,0.2348008385744235,high
R195,269497.0,542,1.2970479704797049,1.0,294,248,0.5424354243542435,0.4575645756457565,medium
R195,269501.0,544,2.363970588235294,1.0,369,175,0.6783088235294118,0.32169117647058826,high
R195,270200.0,556,0.9910071942446043,0.0,271,285,0.48741007194244607,0.512589928057554,low
R195,270761.0,532,0.9624060150375939,1.0,277,255,0.5206766917293233,0.4793233082706767,low
R195,274049.0,557,1.073608617594255,1.0,304,253,0.5457809694793537,0.4542190305206463,low
R195,277185.0,548,1.4762773722627738,1.0,328,220,0.5985401459854015,0.40145985401459855,medium
R195,277241.0,552,1.2735507246376812,1.0,324,228,0.5869565217391305,0.41304347826086957,medium
R195,278293.0,566,0.9946996466431095,1.0,314,252,0.5547703180212014,0.4452296819787986,low
R195,279558.0,543,1.1141804788213627,1.0,272,271,0.5009208103130756,0.4990791896869245,low
R195,281134.0,566,1.2773851590106007,1.0,288,278,0.508833922261484,0.4911660777385159,medium
R195,282298.0,515,0.7844660194174757,0.0,235,280,0.4563106796116505,0.5436893203883495,low
R195,288951.0,564,0.8581560283687943,0.0,270,294,0.4787234042553192,0.5212765957446809,low
R195,290702.0,546,0.847985347985348,1.0,278,268,0.5091575091575091,0.4908424908424908,low
R195,291459.0,558,1.0896057347670252,1.0,308,250,0.5519713261648745,0.44802867383512546,low
R195,293112.0,568,0.9313380281690141,1.0,310,258,0.545774647887324,0.45422535211267606,low
R195,293569.0,562,1.1209964412811388,1.0,297,265,0.5284697508896797,0.47153024911032027,low
R195,294312.0,505,1.0851485148514852,1.0,281,224,0.5564356435643565,0.44356435643564357,low
R195,295232.0,554,0.9061371841155235,1.0,282,272,0.5090252707581228,0.49097472924187724,low
R195,298246.0,532,1.300751879699248,1.0,312,220,0.5864661654135338,0.41353383458646614,medium
R195,298247.0,560,1.6107142857142858,1.0,368,192,0.6571428571428571,0.34285714285714286,high
R195,298248.0,543,1.3830570902394106,1.0,330,213,0.6077348066298343,0.39226519337016574,medium
R195,298785.0,522,0.8371647509578544,0.0,238,284,0.4559386973180077,0.5440613026819924,low
R195,301209.0,547,0.9725776965265083,1.0,296,251,0.5411334552102377,0.45886654478976235,low
R195,301213.0,520,1.3942307692307692,1.0,319,201,0.6134615384615385,0.38653846153846155,medium
R195,301818.0,496,1.3991935483870968,1.0,281,215,0.5665322580645161,0.4334677419354839,medium
R195,301819.0,436,2.7591743119266057,2.0,281,155,0.6444954128440367,0.3555045871559633,high
R195,301820.0,518,2.7915057915057915,2.0,363,155,0.7007722007722008,0.29922779922779924,high
R195,302141.0,544,3.6875,3.0,435,109,0.7996323529411765,0.20036764705882354,high
R195,302143.0,564,2.9627659574468086,2.0,443,121,0.7854609929078015,0.21453900709219859,high
R195,304626.0,512,1.19140625,1.0,301,211,0.587890625,0.412109375,medium
R195,305297.0,541,1.0720887245841035,1.0,309,232,0.5711645101663586,0.4288354898336414,low
R195,305484.0,558,1.2043010752688172,1.0,343,215,0.6146953405017921,0.38530465949820786,medium
R195,305485.0,513,1.442495126705653,1.0,315,198,0.6140350877192983,0.38596491228070173,medium
R195,305920.0,568,0.7834507042253521,0.0,283,285,0.4982394366197183,0.5017605633802817,low
R195,305921.0,506,1.0098814229249011,1.0,260,246,0.5138339920948617,0.48616600790513836,low
R195,306440.0,551,1.221415607985481,1.0,282,269,0.5117967332123412,0.4882032667876588,medium
R195,306627.0,512,1.025390625,1.0,273,239,0.533203125,0.466796875,low
R195,307488.0,484,0.7768595041322314,0.5,242,242,0.5,0.5,low
R195,307856.0,568,1.318661971830986,1.0,332,236,0.5845070422535211,0.4154929577464789,medium
R195,308881.0,518,0.9633204633204633,1.0,277,241,0.5347490347490348,0.46525096525096526,low
R195,312610.0,564,1.2801418439716312,1.0,340,224,0.6028368794326241,0.3971631205673759,medium
R195,324391.0,554,0.8862815884476535,1.0,280,274,0.5054151624548736,0.49458483754512633,low
R195,351722.0,560,1.3678571428571429,1.0,297,263,0.5303571428571429,0.46964285714285714,medium
R195,354444.0,568,1.596830985915493,1.0,358,210,0.6302816901408451,0.36971830985915494,medium
R195,355798.0,534,1.49625468164794,1.0,343,191,0.6423220973782772,0.35767790262172283,medium
R195,355799.0,506,1.5691699604743083,1.0,331,175,0.6541501976284585,0.3458498023715415,medium
R195,356368.0,538,1.3066914498141264,1.0,323,215,0.6003717472118959,0.3996282527881041,medium
R195,356597.0,551,3.072595281306715,2.0,415,136,0.7531760435571688,0.24682395644283123,high
R195,356598.0,566,3.1537102473498235,2.0,397,169,0.7014134275618374,0.29858657243816256,high
R195,356599.0,560,2.0160714285714287,1.0,386,174,0.6892857142857143,0.3107142857142857,high
R195,356680.0,523,1.3690248565965584,1.0,313,210,0.5984703632887189,0.40152963671128106,medium
R195,356896.0,542,1.188191881918819,1.0,310,232,0.5719557195571956,0.4280442804428044,medium
R195,356902.0,568,2.051056338028169,1.0,353,215,0.6214788732394366,0.3785211267605634,high
R195,357574.0,457,1.4463894967177242,1.0,292,165,0.6389496717724289,0.3610503282275711,medium
R195,357828.0,564,1.00177304964539,1.0,290,274,0.5141843971631206,0.4858156028368794,low
R195,357851.0,500,1.076,1.0,258,242,0.516,0.484,low
R195,359446.0,365,3.9315068493150687,3.0,365,0,1.0,0.0,high
R195,359741.0,557,1.2621184919210053,1.0,286,271,0.5134649910233393,0.4865350089766607,medium
R195,360358.0,485,1.6061855670103093,1.0,298,187,0.6144329896907217,0.38556701030927837,high
R195,361136.0,556,1.1888489208633093,1.0,325,231,0.5845323741007195,0.4154676258992806,medium
R195,362836.0,520,2.103846153846154,1.0,341,179,0.6557692307692308,0.34423076923076923,high
R195,363800.0,545,0.8458715596330275,0.0,256,289,0.46972477064220186,0.5302752293577981,low
R195,364101.0,546,1.2472527472527473,1.0,297,249,0.5439560439560439,0.45604395604395603,medium
R195,364652.0,484,1.6900826446280992,1.0,322,162,0.6652892561983471,0.3347107438016529,high
R195,368184.0,537,1.4115456238361266,1.0,301,236,0.5605214152700186,0.43947858472998136,medium
R195,368446.0,543,1.5635359116022098,1.0,334,209,0.6151012891344383,0.3848987108655617,medium
R195,368696.0,566,2.5547703180212014,2.0,408,158,0.7208480565371025,0.2791519434628975,high
R195,369455.0,512,0.935546875,1.0,260,252,0.5078125,0.4921875,low
R195,370323.0,477,1.5618448637316562,1.0,261,216,0.5471698113207547,0.4528301886792453,medium
R195,370659.0,494,1.1558704453441295,0.5,247,247,0.5,0.5,low
R195,370705.0,539,1.2987012987012987,1.0,275,264,0.5102040816326531,0.4897959183673469,medium
R195,371311.0,558,2.596774193548387,2.0,407,151,0.7293906810035843,0.27060931899641577,high
R195,371911.0,467,0.828693790149893,0.0,224,243,0.4796573875802998,0.5203426124197003,low
R195,373537.0,527,0.9506641366223909,1.0,284,243,0.538899430740038,0.46110056925996207,low
R195,374199.0,543,1.1804788213627992,1.0,316,227,0.58195211786372,0.4180478821362799,medium
R195,375891.0,534,0.8913857677902621,0.0,256,278,0.4794007490636704,0.5205992509363296,low
R195,375892.0,544,1.2389705882352942,1.0,299,245,0.5496323529411765,0.45036764705882354,medium
R195,377035.0,501,1.003992015968064,0.0,248,253,0.49500998003992014,0.5049900199600799,low
R195,377163.0,540,1.5092592592592593,1.0,367,173,0.6796296296296296,0.32037037037037036,medium
R195,378802.0,523,1.0458891013384322,1.0,294,229,0.5621414913957935,0.4378585086042065,low
R195,380137.0,538,0.8661710037174721,0.0,255,283,0.4739776951672863,0.5260223048327137,low
R195,380223.0,562,0.8487544483985765,0.0,261,301,0.46441281138790036,0.5355871886120996,low
R195,381188.0,495,1.103030303030303,1.0,267,228,0.5393939393939394,0.46060606060606063,low
R195,381495.0,539,1.320964749536178,1.0,333,206,0.6178107606679035,0.3821892393320965,medium
R195,381725.0,528,1.316287878787879,1.0,327,201,0.6193181818181818,0.3806818181818182,medium
R195,381746.0,527,0.7874762808349146,0.0,231,296,0.43833017077798864,0.5616698292220114,low
R195,381750.0,550,1.3763636363636365,1.0,333,217,0.6054545454545455,0.39454545454545453,medium
R195,381751.0,549,0.8870673952641166,0.0,258,291,0.46994535519125685,0.5300546448087432,low
R195,382319.0,496,2.002016129032258,1.0,291,205,0.5866935483870968,0.41330645161290325,high
R195,386156.0,513,1.8011695906432748,1.0,338,175,0.6588693957115009,0.341130604288499,high
R195,386256.0,566,0.8374558303886925,0.0,273,293,0.4823321554770318,0.5176678445229682,low
R195,386263.0,521,1.654510556621881,1.0,328,193,0.6295585412667947,0.3704414587332054,high
R195,386854.0,558,1.7706093189964158,1.0,363,195,0.6505376344086021,0.34946236559139787,high
R195,386855.0,517,5.203094777562863,5.0,418,99,0.8085106382978723,0.19148936170212766,high
R195,387034.0,462,4.694805194805195,3.0,345,117,0.7467532467532467,0.2532467532467532,high
R195,389581.0,522,1.4425287356321839,1.0,317,205,0.60727969348659,0.39272030651340994,medium
R195,389582.0,461,1.3947939262472886,1.0,268,193,0.5813449023861171,0.41865509761388287,medium
R195,390552.0,498,1.3072289156626506,0.0,244,254,0.4899598393574297,0.5100401606425703,medium
R195,390553.0,495,1.6020202020202021,1.0,251,244,0.5070707070707071,0.49292929292929294,medium
R195,390554.0,416,1.7019230769230769,1.0,225,191,0.5408653846153846,0.45913461538461536,high
R195,390581.0,510,2.364705882352941,1.0,268,242,0.5254901960784314,0.4745098039215686,high
R195,390681.0,552,2.746376811594203,1.0,375,177,0.6793478260869565,0.32065217391304346,high
R195,401460.0,562,1.3469750889679715,0.0,266,296,0.47330960854092524,0.5266903914590747,medium
R195,406393.0,563,35.92717584369449,38.0,455,108,0.8081705150976909,0.19182948490230906,high
R195,406427.0,548,10.961678832116789,4.0,358,190,0.6532846715328468,0.3467153284671533,high
R195,407012.0,496,1.092741935483871,1.0,275,221,0.5544354838709677,0.44556451612903225,low
R195,410264.0,542,3.4022140221402215,3.0,413,129,0.7619926199261993,0.23800738007380073,high
R195,410300.0,515,2.9106796116504854,2.0,389,126,0.7553398058252427,0.2446601941747573,high
R195,411820.0,552,0.8097826086956522,0.0,254,298,0.4601449275362319,0.5398550724637681,low
R195,411823.0,512,1.17578125,1.0,297,215,0.580078125,0.419921875,medium
R195,412973.0,410,0.9658536585365853,0.0,198,212,0.48292682926829267,0.5170731707317073,low
R195,412998.0,537,0.9180633147113594,0.0,252,285,0.4692737430167598,0.5307262569832403,low
R195,413041.0,466,1.9184549356223175,1.0,267,199,0.572961373390558,0.4270386266094421,high
R195,413999.0,540,1.0777777777777777,0.0,269,271,0.4981481481481482,0.5018518518518519,low
R195,414000.0,503,1.4055666003976144,1.0,279,224,0.5546719681908548,0.44532803180914515,medium
R195,414013.0,504,1.4563492063492063,1.0,301,203,0.5972222222222222,0.4027777777777778,medium
R195,415038.0,411,1.391727493917275,1.0,276,135,0.6715328467153284,0.3284671532846715,medium
R195,424295.0,490,0.7020408163265306,0.0,205,285,0.41836734693877553,0.5816326530612245,low
R195,425535.0,543,2.0644567219152856,1.0,319,224,0.5874769797421732,0.4125230202578269,high
R195,425536.0,520,1.7192307692307693,1.0,287,233,0.551923076923077,0.4480769230769231,high
R195,425538.0,559,2.2271914132379247,1.0,342,217,0.6118067978533095,0.3881932021466905,high
R195,425539.0,511,2.152641878669276,1.0,295,216,0.5772994129158513,0.4227005870841487,high
R195,425540.0,535,1.4074766355140187,0.0,261,274,0.48785046728971965,0.5121495327102804,medium
R195,434361.0,564,5.73936170212766,1.0,306,258,0.5425531914893617,0.4574468085106383,high
R433,213703.0,564,0.9663120567375887,0.0,272,292,0.48226950354609927,0.5177304964539007,low
R433,213734.0,566,1.3498233215547704,1.0,325,241,0.5742049469964664,0.42579505300353354,medium
R433,213747.0,560,1.0392857142857144,1.0,281,279,0.5017857142857143,0.4982142857142857,low
R433,214459.0,564,1.9680851063829787,1.0,344,220,0.6099290780141844,0.3900709219858156,high
R433,214460.0,564,1.0868794326241136,1.0,289,275,0.5124113475177305,0.4875886524822695,low
R433,214462.0,566,1.7720848056537102,1.0,354,212,0.6254416961130742,0.3745583038869258,high
R433,214472.0,566,0.8992932862190812,0.0,274,292,0.4840989399293286,0.5159010600706714,low
R433,214475.0,568,0.7676056338028169,0.0,269,299,0.4735915492957746,0.5264084507042254,low
R433,215088.0,568,1.0404929577464788,0.0,270,298,0.4753521126760563,0.5246478873239436,low
R433,215283.0,547,1.7879341864716636,1.0,355,192,0.6489945155393053,0.3510054844606947,high
R433,215321.0,568,2.209507042253521,2.0,410,158,0.721830985915493,0.27816901408450706,high
R433,217497.0,566,0.991166077738516,0.0,279,287,0.4929328621908127,0.5070671378091873,low
R433,217527.0,568,0.9788732394366197,1.0,291,277,0.5123239436619719,0.4876760563380282,low
R433,217838.0,549,1.0728597449908925,1.0,283,266,0.5154826958105647,0.48451730418943534,low
R433,217935.0,566,1.5812720848056536,1.0,336,230,0.5936395759717314,0.40636042402826855,medium
R433,217939.0,512,1.330078125,1.0,288,224,0.5625,0.4375,medium
R433,217947.0,566,0.8780918727915195,0.0,274,292,0.4840989399293286,0.5159010600706714,low
R433,217962.0,564,1.2109929078014185,1.0,300,264,0.5319148936170213,0.46808510638297873,medium
R433,218579.0,568,5.264084507042254,4.0,453,115,0.7975352112676056,0.20246478873239437,high
R433,218580.0,566,1.3904593639575973,1.0,347,219,0.6130742049469965,0.3869257950530035,medium
R433,226732.0,564,1.150709219858156,0.0,267,297,0.4734042553191489,0.526595744680851,low
R433,229585.0,564,1.8421985815602837,1.0,326,238,0.5780141843971631,0.4219858156028369,high
R433,232074.0,530,1.4018867924528302,1.0,287,243,0.5415094339622641,0.45849056603773586,medium
R433,232456.0,524,1.452290076335878,1.0,304,220,0.5801526717557252,0.4198473282442748,medium
R433,232715.0,542,1.5461254612546125,1.0,306,236,0.5645756457564576,0.4354243542435424,medium
R433,235066.0,546,1.1245421245421245,1.0,294,252,0.5384615384615384,0.46153846153846156,low
R433,235669.0,566,1.0742049469964665,0.0,267,299,0.4717314487632509,0.5282685512367491,low
R433,235939.0,568,5.061619718309859,4.0,430,138,0.7570422535211268,0.24295774647887325,high
R433,238929.0,566,0.8604240282685512,0.0,271,295,0.4787985865724382,0.5212014134275619,low
R433,241831.0,500,1.266,1.0,255,245,0.51,0.49,medium
R433,243838.0,544,1.3419117647058822,1.0,315,229,0.5790441176470589,0.4209558823529412,medium
R433,246209.0,520,1.3442307692307693,1.0,287,233,0.551923076923077,0.4480769230769231,medium
R433,246211.0,568,1.9507042253521127,1.0,394,174,0.6936619718309859,0.30633802816901406,high
R433,247674.0,566,1.0,1.0,288,278,0.508833922261484,0.4911660777385159,low
R433,248187.0,558,3.652329749103943,1.0,295,263,0.5286738351254481,0.471326164874552,high
R433,248905.0,518,1.057915057915058,1.0,269,249,0.5193050193050193,0.4806949806949807,low
R433,248956.0,568,1.0369718309859155,0.0,273,295,0.48063380281690143,0.5193661971830986,low
R433,250020.0,516,1.308139534883721,1.0,283,233,0.5484496124031008,0.45155038759689925,medium
R433,250021.0,498,1.8815261044176708,1.0,277,221,0.5562248995983936,0.44377510040160645,high
R433,250532.0,562,0.8612099644128114,0.0,264,298,0.4697508896797153,0.5302491103202847,low
R433,253332.0,528,1.2196969696969697,0.0,243,285,0.4602272727272727,0.5397727272727273,medium
R433,253395.0,564,2.028368794326241,1.5,366,198,0.648936170212766,0.35106382978723405,high
R433,253620.0,568,3.022887323943662,1.0,372,196,0.6549295774647887,0.34507042253521125,high
R433,253834.0,554,2.6949458483754514,2.0,382,172,0.6895306859205776,0.3104693140794224,high
R433,256910.0,534,3.0805243445692883,2.0,367,167,0.6872659176029963,0.31273408239700373,high
R433,261138.0,546,1.489010989010989,1.0,291,255,0.532967032967033,0.46703296703296704,medium
R433,262124.0,566,1.3180212014134276,1.0,330,236,0.5830388692579506,0.4169611307420495,medium
R433,263620.0,568,1.3785211267605635,1.0,303,265,0.5334507042253521,0.4665492957746479,medium
R433,267351.0,508,1.8976377952755905,1.0,284,224,0.5590551181102362,0.4409448818897638,high
R433,267740.0,532,1.287593984962406,1.0,278,254,0.5225563909774437,0.4774436090225564,medium
R433,268126.0,553,9.247739602169982,7.0,401,152,0.7251356238698011,0.27486437613019893,high
R433,268131.0,543,5.101289134438305,4.0,407,136,0.7495395948434622,0.2504604051565378,high
R433,269501.0,560,1.5089285714285714,1.0,309,251,0.5517857142857143,0.44821428571428573,medium
R433,274167.0,455,1.591208791208791,1.0,290,165,0.6373626373626373,0.3626373626373626,medium
R433,274773.0,558,1.514336917562724,1.0,336,222,0.6021505376344086,0.3978494623655914,medium
R433,274774.0,568,1.0580985915492958,1.0,314,254,0.5528169014084507,0.4471830985915493,low
R433,277185.0,566,1.2968197879858658,1.0,325,241,0.5742049469964664,0.42579505300353354,medium
R433,277241.0,544,1.5625,1.0,335,209,0.6158088235294118,0.38419117647058826,medium
R433,278293.0,568,0.9190140845070423,0.0,273,295,0.48063380281690143,0.5193661971830986,low
R433,279558.0,564,1.1932624113475176,1.0,303,261,0.5372340425531915,0.4627659574468085,medium
R433,280108.0,538,1.845724907063197,1.0,314,224,0.5836431226765799,0.4163568773234201,high
R433,280419.0,527,0.9734345351043643,0.0,254,273,0.4819734345351044,0.5180265654648957,low
R433,281133.0,568,1.3028169014084507,1.0,287,281,0.5052816901408451,0.49471830985915494,medium
R433,281134.0,568,1.7482394366197183,1.0,315,253,0.5545774647887324,0.4454225352112676,high
R433,282298.0,566,0.8480565371024735,0.0,274,292,0.4840989399293286,0.5159010600706714,low
R433,282593.0,568,1.0017605633802817,0.0,276,292,0.4859154929577465,0.5140845070422535,low
R433,283627.0,519,1.188824662813102,1.0,287,232,0.5529865125240848,0.44701348747591524,medium
R433,293112.0,568,1.4330985915492958,1.0,355,213,0.625,0.375,medium
R433,293569.0,564,1.0975177304964538,1.0,303,261,0.5372340425531915,0.4627659574468085,low
R433,293592.0,568,1.2711267605633803,1.0,297,271,0.522887323943662,0.477112676056338,medium
R433,294312.0,530,1.5018867924528303,1.0,318,212,0.6,0.4,medium
R433,295232.0,554,0.9314079422382672,1.0,288,266,0.51985559566787,0.48014440433212996,low
R433,298198.0,474,1.4071729957805907,1.0,241,233,0.5084388185654009,0.49156118143459915,medium
R433,298246.0,558,1.0519713261648747,1.0,287,271,0.514336917562724,0.48566308243727596,low
R433,298247.0,562,1.0462633451957295,1.0,293,269,0.5213523131672598,0.4786476868327402,low
R433,298248.0,546,0.9377289377289377,0.0,255,291,0.46703296703296704,0.532967032967033,low
R433,298785.0,532,1.0112781954887218,0.0,231,301,0.4342105263157895,0.5657894736842105,low
R433,301209.0,566,1.1908127208480566,1.0,333,233,0.588339222614841,0.411660777385159,medium
R433,301213.0,568,1.658450704225352,1.0,366,202,0.6443661971830986,0.35563380281690143,high
R433,301818.0,512,1.833984375,1.0,309,203,0.603515625,0.396484375,high
R433,301819.0,487,4.090349075975359,3.0,350,137,0.7186858316221766,0.2813141683778234,high
R433,301820.0,548,4.467153284671533,3.0,407,141,0.7427007299270073,0.2572992700729927,high
R433,301825.0,531,1.0602636534839924,0.0,254,277,0.4783427495291902,0.5216572504708098,low
R433,302141.0,560,4.701785714285714,4.0,455,105,0.8125,0.1875,high
R433,302143.0,568,2.9225352112676055,2.0,425,143,0.7482394366197183,0.2517605633802817,high
R433,304624.0,548,0.9507299270072993,0.5,274,274,0.5,0.5,low
R433,305485.0,500,0.91,0.0,234,266,0.468,0.532,low
R433,305920.0,548,0.9416058394160584,1.0,282,266,0.5145985401459854,0.4854014598540146,low
R433,306197.0,566,0.950530035335689,0.0,274,292,0.4840989399293286,0.5159010600706714,low
R433,306440.0,566,1.1607773851590106,0.0,279,287,0.4929328621908127,0.5070671378091873,low
R433,307856.0,564,1.50354609929078,1.0,337,227,0.5975177304964538,0.4024822695035461,medium
R433,310270.0,534,1.5805243445692885,1.0,327,207,0.6123595505617978,0.38764044943820225,medium
R433,312610.0,516,1.6085271317829457,1.0,340,176,0.6589147286821705,0.34108527131782945,high
R433,323134.0,568,1.318661971830986,1.0,334,234,0.5880281690140845,0.4119718309859155,medium
R433,323135.0,568,0.9577464788732394,1.0,305,263,0.5369718309859155,0.4630281690140845,low
R433,351722.0,566,1.802120141342756,1.0,343,223,0.6060070671378092,0.39399293286219084,high
R433,354444.0,558,1.3942652329749103,1.0,323,235,0.578853046594982,0.4211469534050179,medium
R433,355798.0,568,1.3309859154929577,1.0,340,228,0.5985915492957746,0.4014084507042254,medium
R433,355799.0,568,1.216549295774648,1.0,328,240,0.5774647887323944,0.4225352112676056,medium
R433,356597.0,566,2.687279151943463,2.0,393,173,0.6943462897526502,0.30565371024734983,high
R433,356598.0,568,3.142605633802817,2.0,396,172,0.6971830985915493,0.3028169014084507,high
R433,356599.0,566,2.058303886925795,1.0,379,187,0.6696113074204947,0.3303886925795053,high
R433,356680.0,527,1.7647058823529411,1.0,349,178,0.6622390891840607,0.3377609108159393,high
R433,356896.0,562,1.8274021352313168,1.0,289,273,0.5142348754448398,0.48576512455516013,high
R433,356902.0,548,2.0547445255474455,1.0,330,218,0.6021897810218978,0.3978102189781022,high
R433,357574.0,517,1.2282398452611218,1.0,292,225,0.5647969052224371,0.43520309477756286,medium
R433,357828.0,536,1.1884328358208955,1.0,290,246,0.5410447761194029,0.458955223880597,medium
R433,359446.0,247,3.417004048582996,3.0,247,0,1.0,0.0,high
R433,359738.0,546,1.2142857142857142,0.0,243,303,0.44505494505494503,0.554945054945055,medium
R433,359740.0,530,1.711320754716981,1.0,314,216,0.5924528301886792,0.4075471698113208,high
R433,359741.0,527,2.1328273244781784,1.0,315,212,0.5977229601518027,0.40227703984819735,high
R433,359742.0,506,1.2984189723320159,0.0,250,256,0.49407114624505927,0.5059288537549407,medium
R433,360358.0,520,1.1826923076923077,1.0,274,246,0.5269230769230769,0.47307692307692306,medium
R433,361136.0,568,1.5616197183098592,1.0,326,242,0.573943661971831,0.426056338028169,medium
R433,361137.0,568,1.0105633802816902,1.0,303,265,0.5334507042253521,0.4665492957746479,low
R433,361295.0,537,0.7690875232774674,0.0,249,288,0.46368715083798884,0.5363128491620112,low
R433,362836.0,519,1.861271676300578,1.0,312,207,0.6011560693641619,0.3988439306358382,high
R433,363873.0,558,1.4551971326164874,1.0,353,205,0.6326164874551972,0.3673835125448029,medium
R433,364101.0,568,1.1038732394366197,1.0,298,270,0.5246478873239436,0.4753521126760563,low
R433,364652.0,497,1.8832997987927564,1.0,301,196,0.6056338028169014,0.39436619718309857,high
R433,368446.0,549,2.040072859744991,1.0,370,179,0.6739526411657559,0.32604735883424407,high
R433,368696.0,568,4.295774647887324,3.0,441,127,0.7764084507042254,0.22359154929577466,high
R433,369455.0,527,0.8918406072106262,0.0,240,287,0.45540796963946867,0.5445920303605313,low
R433,370659.0,515,2.566990291262136,2.0,345,170,0.6699029126213593,0.3300970873786408,high
R433,370660.0,508,1.4625984251968505,1.0,259,249,0.5098425196850394,0.49015748031496065,medium
R433,370705.0,536,2.246268656716418,1.0,337,199,0.628731343283582,0.3712686567164179,high
R433,371311.0,562,5.140569395017794,4.0,428,134,0.7615658362989324,0.23843416370106763,high
R433,371911.0,552,1.213768115942029,1.0,278,274,0.5036231884057971,0.4963768115942029,medium
R433,374199.0,556,2.052158273381295,2.0,399,157,0.7176258992805755,0.2823741007194245,high
R433,375891.0,513,2.0350877192982457,1.0,321,192,0.6257309941520468,0.3742690058479532,high
R433,375892.0,520,2.5307692307692307,2.0,345,175,0.6634615384615384,0.33653846153846156,high
R433,376126.0,568,0.8485915492957746,0.0,264,304,0.4647887323943662,0.5352112676056338,low
R433,377020.0,566,0.8180212014134276,0.0,270,296,0.47703180212014135,0.5229681978798587,low
R433,377163.0,564,1.3049645390070923,1.0,319,245,0.5656028368794326,0.43439716312056736,medium
R433,377288.0,541,1.1238447319778189,1.0,289,252,0.5341959334565619,0.4658040665434381,low
R433,378802.0,536,1.4085820895522387,1.0,335,201,0.625,0.375,medium
R433,379140.0,512,1.421875,1.0,326,186,0.63671875,0.36328125,medium
R433,379349.0,566,2.7491166077738516,1.0,320,246,0.5653710247349824,0.43462897526501765,high
R433,380137.0,530,1.3264150943396227,1.0,294,236,0.5547169811320755,0.44528301886792454,medium
R433,380631.0,547,1.5137111517367459,1.0,311,236,0.5685557586837294,0.43144424131627057,medium
R433,380721.0,562,1.4519572953736655,1.0,296,266,0.5266903914590747,0.47330960854092524,medium
R433,381495.0,566,2.3427561837455833,2.0,416,150,0.734982332155477,0.26501766784452296,high
R433,381697.0,566,1.167844522968198,1.0,305,261,0.5388692579505301,0.46113074204946997,low
R433,381724.0,541,0.8687615526802218,0.0,257,284,0.47504621072088726,0.5249537892791127,low
R433,381725.0,566,2.3197879858657244,2.0,402,164,0.7102473498233216,0.28975265017667845,high
R433,381746.0,522,1.1111111111111112,1.0,267,255,0.5114942528735632,0.4885057471264368,low
R433,381747.0,554,1.2382671480144405,1.0,310,244,0.5595667870036101,0.4404332129963899,medium
R433,381748.0,568,1.1901408450704225,1.0,307,261,0.5404929577464789,0.4595070422535211,medium
R433,381750.0,556,2.4694244604316546,2.0,380,176,0.6834532374100719,0.31654676258992803,high
R433,381751.0,560,1.525,1.0,351,209,0.6267857142857143,0.3732142857142857,medium
R433,382319.0,564,2.828014184397163,2.0,373,191,0.6613475177304965,0.33865248226950356,high
R433,383402.0,562,0.8647686832740213,1.0,284,278,0.505338078291815,0.49466192170818507,low
R433,386156.0,558,1.3010752688172043,1.0,316,242,0.5663082437275986,0.4336917562724014,medium
R433,386263.0,545,1.9009174311926607,1.0,338,207,0.6201834862385321,0.3798165137614679,high
R433,386854.0,542,1.96309963099631,1.0,299,243,0.551660516605166,0.4483394833948339,high
R433,386855.0,542,6.3118081180811805,5.0,379,163,0.6992619926199262,0.3007380073800738,high
R433,387034.0,555,6.481081081081081,4.0,415,140,0.7477477477477478,0.25225225225225223,high
R433,390551.0,455,2.1516483516483516,1.0,229,226,0.5032967032967033,0.4967032967032967,high
R433,390552.0,556,1.6654676258992807,0.0,229,327,0.4118705035971223,0.5881294964028777,high
R433,390553.0,418,2.84688995215311,1.0,251,167,0.6004784688995215,0.39952153110047844,high
R433,390554.0,496,1.6411290322580645,0.0,211,285,0.4254032258064516,0.5745967741935484,high
R433,390555.0,414,2.4396135265700485,0.0,206,208,0.4975845410628019,0.5024154589371981,high
R433,390581.0,546,3.5457875457875456,1.0,291,255,0.532967032967033,0.46703296703296704,high
R433,390681.0,568,2.6514084507042255,1.0,358,210,0.6302816901408451,0.36971830985915494,high
R433,401480.0,558,1.1451612903225807,1.0,280,278,0.5017921146953405,0.4982078853046595,low
R433,404439.0,568,0.8591549295774648,0.0,270,298,0.4753521126760563,0.5246478873239436,low
R433,406393.0,558,35.75627240143369,38.0,384,174,0.6881720430107527,0.3118279569892473,high
R433,406427.0,548,17.5492700729927,7.0,386,162,0.7043795620437956,0.2956204379562044,high
R433,406850.0,564,1.5390070921985815,1.0,319,245,0.5656028368794326,0.43439716312056736,medium
R433,407012.0,518,1.05019305019305,1.0,268,250,0.5173745173745173,0.4826254826254826,low
R433,407817.0,433,2.404157043879908,1.0,233,200,0.5381062355658198,0.4618937644341801,high
R433,410264.0,562,2.193950177935943,1.0,375,187,0.6672597864768683,0.33274021352313166,high
R433,410300.0,522,2.078544061302682,2.0,344,178,0.6590038314176245,0.34099616858237547,high
R433,411820.0,560,1.1089285714285715,1.0,311,249,0.5553571428571429,0.4446428571428571,low
R433,411823.0,517,1.355899419729207,1.0,298,219,0.5764023210831721,0.42359767891682787,medium
R433,412239.0,566,1.1413427561837455,1.0,306,260,0.5406360424028268,0.45936395759717313,low
R433,412998.0,555,0.8828828828828829,0.0,268,287,0.4828828828828829,0.5171171171171172,low
R433,413040.0,528,0.8522727272727273,0.0,242,286,0.4583333333333333,0.5416666666666666,low
R433,413041.0,549,2.1948998178506374,1.0,328,221,0.5974499089253188,0.40255009107468126,high
R433,413353.0,553,1.4303797468354431,1.0,308,245,0.5569620253164557,0.4430379746835443,medium
R433,414000.0,560,1.2160714285714285,1.0,307,253,0.5482142857142858,0.4517857142857143,medium
R433,414014.0,554,1.0974729241877257,1.0,286,268,0.516245487364621,0.48375451263537905,low
R433,414634.0,447,1.2885906040268456,1.0,238,209,0.5324384787472036,0.46756152125279643,medium
R433,415038.0,449,1.55456570155902,1.0,255,194,0.5679287305122495,0.43207126948775054,medium
R433,420493.0,523,0.9254302103250478,0.0,248,275,0.47418738049713194,0.5258126195028681,low
R433,420875.0,462,3.5974025974025974,1.0,264,198,0.5714285714285714,0.42857142857142855,high
R433,424294.0,544,1.2169117647058822,1.0,290,254,0.5330882352941176,0.46691176470588236,medium
R433,424295.0,554,1.1209386281588447,1.0,290,264,0.5234657039711191,0.47653429602888087,low
R433,424719.0,525,1.68,1.0,327,198,0.6228571428571429,0.37714285714285717,high
R433,424721.0,545,1.036697247706422,0.0,266,279,0.48807339449541287,0.5119266055045871,low
R433,425530.0,507,1.2642998027613412,1.0,273,234,0.5384615384615384,0.46153846153846156,medium
R433,425535.0,524,2.0019083969465647,1.0,270,254,0.5152671755725191,0.4847328244274809,high
R433,425538.0,568,2.221830985915493,1.0,322,246,0.5669014084507042,0.43309859154929575,high
R433,425539.0,535,2.205607476635514,1.0,293,242,0.5476635514018692,0.4523364485981308,high
R433,425540.0,568,1.7359154929577465,1.0,298,270,0.5246478873239436,0.4753521126760563,high
R433,425586.0,524,1.7442748091603053,1.0,293,231,0.5591603053435115,0.44083969465648853,high
R433,428152.0,521,1.216890595009597,0.0,250,271,0.4798464491362764,0.5201535508637236,medium
R433,434361.0,564,7.083333333333333,1.0,295,269,0.5230496453900709,0.4769503546099291,high
R433,434362.0,568,4.644366197183099,0.0,273,295,0.48063380281690143,0.5193661971830986,high
R433,436219.0,518,1.3127413127413128,0.0,251,267,0.48455598455598453,0.5154440154440154,medium
